faction_id	faction_name	base_standing
524	Abhorrent	0
1059	Agents of Dreadspire	0
426	Agents of Mistmoore	0
1671	Agents of the Pillars	0
1740	Agents of the Synarcana	0
421	Aggressors of Kithicor	0
1621	Agnarr	0
396	Agnostic	0
541	Air Elemental (Race)	0
622	Air Mephit	0
1521	Akheva	0
561	Akheva (Race Type)	0
357	Akhevan (Plane of Shadow)	0
1190	Ak`Anon Strike Force V	0
141	Alligator	0
218	Allize Taeew	0
217	Allize Volew	0
149	Amygdalan	0
1193	Ancestors of the Crypt	0
1101	Ancestors of Valdeholm	0
1598	Anchorites of Brell Serilis	0
1228	Ancient Blackburrow Gnolls	0
1004	Animals of Taelosia	0
654	Animated Armor	0
417	Ankhefenmut	0
1572	Anti Vinitras	0
5001	Anti-mage	0
219	Antonius Bayle	0
1803	Apparitions of Fear	0
657	Arachnid - PoP	0
1622	Arboreans of the Faydark	0
220	Arcane Scientists	0
1793	Arcanists of Alra	0
1754	Architects of Sand	0
1777	Argathian Looters	0
137	Armadillo	0
1204	Army of Light 	0
361	Ashen Order	0
1609	Askr the Lost	0
1062	Assistants of the Scribe	0
5051	Asylum of Anguish	-2000
63	Aviak	-350
526	BandWdragons	0
5002	Banker	0
52	Barbarian	0
8	Bard	0
660	Bastion of Thunder Portal (Race)	0
1656	Battalion of Marr	-400
1200	Bayle's Irregulars	0
93	Bear	0
636	Bear PoP	0
15	Beastlord	0
1804	Beetles of Shard's Landing	0
387	Befallen Inhabitants	0
16	Berserker	0
201	Bertoxxulous	-700
483	Bertoxxulous (Race)	0
586	Bertoxxulous Race	0
1183	Bertoxxulous' Chosen	0
681	Beta Ally	0
684	Beta Amiable	0
685	Beta Apprehensive	0
686	Beta Dubious	0
1171	Beta Enemy	0
477	Beta Evil	0
1172	Beta Friend	0
476	Beta Good	0
683	Beta Kindly	0
479	Beta KOS	0
701	Beta KOS Copy 1	0
702	Beta KOS Copy 2	0
703	Beta KOS Copy 3	0
704	Beta KOS Copy 4	0
705	Beta KOS Copy 5	0
706	Beta KOS Copy 6	0
707	Beta KOS Copy 7	0
708	Beta KOS Copy 8	0
85	Beta KOS Copy 9	0
344	Beta Neutral	0
1173	Beta Neutral 2	0
687	Beta Threatening	0
682	Beta Warmly	0
478	Beta Warmly	0
1061	BetaNPCKOS-NPC	0
1043	BetaNPCKOS-PC	0
1014	BetaOmensNPCKOS	-1500
1728	Betrayers of Di`Zok	0
129	Bixie	0
653	Black Knight	0
1202	Blackburrow Gnolls	0
1098	Blackfeather Animals	0
1096	Blackfeather Harpies	0
1112	Blackfeather Raiders	0
1097	Blackfeather Royalty	0
1099	Blackfeather Spiders	0
1142	Blacksail Pirates	0
1169	Blacksail Smugglers	0
1179	Blackwater	0
1076	Blood Furies	0
1092	Blood of Ro	0
1176	Blood of Solusek	0
610	Blood Raven	0
1680	Bloodfeather Aviaks	0
256	Bloodgills	0
1873	Bloodmoon Night-Orcs	0
1195	Bloodmoon Were-Orcs	0
221	Bloodsabers	0
191	Boat	0
1079	Bonecracker Furies	0
339	Bonethrowers	0
1868	Brass Phoenix Brigade	0
1870	Brass Phoenix Legion	0
1809	Braxi of Shard's Landing	0
202	Brell Serilis	0
484	Bristlebane (Race)	0
605	Broken Clockwork	0
222	Broken Skull Clan	0
500	Brontotherium	0
451	Brood of Di`Zok	0
443	Brood of Kotiz	0
1535	Brood of Ssraeshza	0
1163	Brood of Vaakiszh	0
1245	Brother Island Animal	0
1244	Brother Island Residents	0
691	Brownie (Race)	0
1189	Brownie Rebels	0
65	Brownies of Faydwer	0
599	Bubonian Boss	0
600	Bubonian Underling	0
1630	Burning Dead	0
194	Burynai	0
253	Burynai Legion	0
379	Butcherblock Bandits	0
440	Cabilis Residents	0
498	Cactus Man	0
1184	Camp Valor	0
1588	Captain Cruikshanks	0
1592	Captain Dorian Dulein	0
1591	Captain Smythe	0
1590	Captain Stottal	0
1175	Captains of Dyn`leth	0
329	Carson McCabe	0
711	Castle Rulnavis	0
712	Castle Tamrel	0
203	Cazic-Thule	0
145	Cazic-Thule (Race)	0
66	Centaur	0
462	Chetari	0
1010	Children of Dranik	0
1018	Children of Mistmoore	0
1129	Circle of the Crystalwing	0
223	Circle of Unseen Hands	0
1222	Cirtan, Bayle's Herald	0
1778	Citizens of Arelis	0
1775	Citizens of Argath	0
1798	Citizens of Erillion	0
1063	Citizens of Freeport	0
460	Citizens of Froststone	0
1719	Citizens of Gukta	0
1783	Citizens of Sarith	0
1499	Citizens of Seru	0
1584	Citizens of Shar Vahl	0
1750	Citizens of Takish-Hiz	0
1085	Citizens of Takish-Hiz	0
453	Citizens of Torsis	0
1727	City Vermin	0
165	Clam	0
224	Clan Drippycan	0
1858	Clan Droga	0
1604	Clan Grikbar	-1000
471	Clan Kolbok	0
225	Clan Runnyeye	0
1088	Clan Vorzek	0
31	Class31	0
33	Class33	0
34	Class34	0
35	Class35	0
36	Class36	0
37	Class37	0
38	Class38	0
39	Class39	0
40	Class40	0
41	Class41	0
42	Class42	0
43	Class43	0
44	Class44	0
45	Class45	0
46	Class46	0
47	Class47	0
48	Class48	0
49	Class49	0
50	Class50	0
430	Claws of Veeshan	0
67	Clay Golem	0
5021	Cleaving Tooth Clan	-700
2	Cleric	0
1711	Clerics of Gutka	0
226	Clerics of Tunare	0
227	Clerics of Underfoot	0
1237	Cliknar	0
607	Clockwork Beetle	0
580	Clockwork Brain	0
523	Clockwork Dragon	0
695	Clockwork Gnome (Race)	0
579	Clockwork Golem	0
1239	Clockwork Magma Meter	0
138	Clockworks of Ak`Anon	0
228	Clurg	0
229	Coalition of Tradefolk	0
5015	Coalition of TradeFolk III	0
336	Coalition of Tradefolk Underground	0
146	Cockatrice	0
505	Cold Spectre	0
406	Coldain	0
514	Coldain (Race)	0
1120	Coldeye Clan	0
1161	Combine Citizens	0
268	Combine Empire	0
1170	Combine Empire Merchants	0
346	Commons Residents	0
1869	Company of the Alabaster Owl	0
1561	Concilium Universus	0
1067	Constructs of Relic	0
1867	Contingent of the Alabaster Owl	0
1102	Converts of Valdeholm	0
358	Corrupt Akhevan	0
230	Corrupt Qeynos Guards	0
1525	Coterie Elite	0
1506	Coterie of the Eternal Night	0
633	Crab	0
231	Craftkeepers	0
232	Craknek Warriors	0
1060	Creatures of Darkhollow	0
1087	Creatures of Elddar	0
1002	Creatures of Gloomingdeep	0
1705	Creatures of Gunthak	0
1628	Creatures of Justice	0
1015	Creatures of Kuua	0
1091	Creatures of Sandflow	0
1769	Creatures of Taelosia	-500
1051	Creep Reapers	0
5049	Crescent Guards	0
1137	Crescent Reach Guards	0
1708	Crew of the Scorned Maiden	0
233	Crimson Hands	0
1602	Critters of Jaggedpine	0
590	Crocodile	0
1095	Crusade of the Scale	0
442	Crusaders of Greenmist	0
1188	Crusaders of Veeshan	0
234	Crushbone Orcs	0
1825	Crystal Circle Builders	0
461	Crystal Denizens	0
658	Crystal Spider (Race)	0
400	Cult of Fear	0
1594	Cult of the Arisen	0
1583	Cult of the Great Saprophyte	0
1035	Cursed Drakes	0
1704	Cursed Frogloks of Gukta	0
68	Cyclops	-1000
235	DaBashers	0
405	Dain Frostreaver IV	0
1851	Damsel of Decay's Denizens	0
1533	Dar Khura	0
236	Dark Bargainers	0
56	Dark Elf	0
670	Dark Elf Pirate	0
1515	Dark Forest Denizens	0
237	Dark Ones	0
238	Dark Reflection	0
1021	Dark Reign	0
1557	Dark Sendings	-501
1118	Darkfell Clan	0
1219	Darkhammer Dwarves	0
1203	Darkpaw Gnolls	0
1599	Darkpaws of Jaggedpine	0
1196	Darkvine Villagers	0
5055	Dark_Reign_Guard	-100
1564	Dawnhoppers	0
1677	Dead Hills Archaeologists	0
5024	Death Fist Orcs	-1000
375	Death Fist Orcs (good)	0
1075	Deathshed Legion	0
1049	Deep Sporali	0
240	Deepmuses	0
241	Deeppockets	0
1568	Deepshade Collective	0
242	Deepwater Knights	0
1517	Deepwood Owlbears	0
385	Defective Clockwork	-350
1830	Defenders of Decay	0
422	Defenders of Kithicor	0
359	Defenders of Luclin	0
1042	Defenders of the Broodlands	0
5003	Defenders of the Haven	-100
1242	Degmar's Commoners	0
1243	Degmar's Haunts	0
1241	Degmar's Loyalists	0
1569	Deklean Korgad	0
1578	Deklean Korgad	0
95	Demi Lich (Race)	0
1009	Denizens of Discord	-1000
5004	Denizens of Fear	-1000
1648	Denizens of Fire	0
437	Denizens of Mischief	0
1658	Denizens of Storm	0
1862	Denizens of Veeshan's Peak	0
1632	Denizens of Water	0
150	Dervish	0
368	Dervish Cutthroats	-100
1788	Devotees of Decay	0
490	Devourer	0
1784	Devout of Oseka	0
147	Diasy Men	0
502	Dire Wolf	0
1093	Direwind Gnolls	0
1039	Dirtdigger Goblins	-1000
1057	Disciples of Jarzarrad	0
1623	Disciples of Kerafyrm	0
1799	Disciples of Order	0
1562	Disciples of Rhag`Zadune	0
1162	Disciples of Zhisza	0
1208	Discordant Agents	0
1230	Discordant Armies	0
1210	Discordant Army	0
1008	Discordant Creatures of Kuua	0
584	Disease Boss	0
356	Diseased Animal	0
271	Dismal Rage	0
393	Djinn	0
176	Djinn (Race)	0
1782	Dominion of Beasts	0
367	Donovon	0
1838	Doomscale Cultists	0
107	Drachnid (Race)	0
243	Drafling	0
182	Draglok Invalid Race	0
1802	Dragon Death Keep	0
172	Dragon Skeleton	0
1209	Dragorn Forces	0
139	Drake	0
1106	Drakkin	0
1016	Dranik Loyalists	0
370	Dreadguard Inner	0
334	Dreadguard Outer	0
680	Dream Delvers	0
163	Drixie	0
1579	Droga Goblins	0
679	Drogmor (Race)	0
1113	Dromrek	0
1123	Drones of Stonehive	0
1140	Drowned Dead	0
6	Druid	0
454	Drusella Sathir	0
574	Dryad	0
1603	Dryads of the Grove	0
5052	dubious	-300
5053	dubious-storms	-300
5030	Dulaks Clan	-1000
58	Dwarf	0
1635	Dwellers of the Deep	0
1131	Dyn`leth	0
540	Earth Elemental (Race)	0
623	Earth Mephit	0
244	Ebon Mask	0
151	Efreeti	0
651	Efreeti PoP	0
1664	Eino	0
1066	Elder Scrykin	0
245	Eldritch Collective	0
125	Elemental	0
1019	Elemental Invaders	0
148	Elf Vampire	0
326	Emerald Warriors	0
1187	Emissaries of Claws of Veeshan	0
1536	Emperor Ssraeshza	-1000
1854	Empire of the Di`Zok	0
506	Enchanted Armor	0
14	Enchanter	0
1852	Enemies of Tranquility	0
1673	Enemies of Zordak Ragefire	0
1641	Eriak	0
204	Erollisi Marr	0
200	Erollisi Marr (Race)	0
1182	Erollisi's Scorned	0
128	Erudin Citizens	0
53	Erudite	0
694	Erudite Citizen (Race)	0
168	Erudite Ghost	0
673	Erudite Pirate	0
1844	Ethernere Revenants	0
1845	Ethernere Spirits	0
71	Evil Eye	-1000
575	Evil Treant	0
1722	Exiled Frogloks	0
1050	Expedition 328	0
1485	Eye of Seru	0
158	Eye of Zomm	0
1247	Faction1247	0
1248	Faction1248	0
1249	Faction1249	0
1250	Faction1250	0
1251	Faction1251	0
1252	Faction1252	0
1253	Faction1253	0
1254	Faction1254	0
1255	Faction1255	0
1256	Faction1256	0
1257	Faction1257	0
1258	Faction1258	0
1259	Faction1259	0
1260	Faction1260	0
1261	Faction1261	0
1262	Faction1262	0
1263	Faction1263	0
1264	Faction1264	0
1265	Faction1265	0
1266	Faction1266	0
1267	Faction1267	0
1268	Faction1268	0
1269	Faction1269	0
1270	Faction1270	0
1271	Faction1271	0
1272	Faction1272	0
1273	Faction1273	0
1274	Faction1274	0
1275	Faction1275	0
1276	Faction1276	0
1277	Faction1277	0
1278	Faction1278	0
1279	Faction1279	0
1280	Faction1280	0
1281	Faction1281	0
1282	Faction1282	0
1283	Faction1283	0
1284	Faction1284	0
1285	Faction1285	0
1286	Faction1286	0
1287	Faction1287	0
1288	Faction1288	0
1289	Faction1289	0
1290	Faction1290	0
1291	Faction1291	0
1292	Faction1292	0
1293	Faction1293	0
1294	Faction1294	0
1295	Faction1295	0
1296	Faction1296	0
1297	Faction1297	0
1298	Faction1298	0
1299	Faction1299	0
1300	Faction1300	0
1301	Faction1301	0
1302	Faction1302	0
1303	Faction1303	0
1304	Faction1304	0
1305	Faction1305	0
1306	Faction1306	0
1307	Faction1307	0
1308	Faction1308	0
1309	Faction1309	0
1310	Faction1310	0
1311	Faction1311	0
1312	Faction1312	0
1313	Faction1313	0
1314	Faction1314	0
1315	Faction1315	0
1316	Faction1316	0
1317	Faction1317	0
1318	Faction1318	0
1319	Faction1319	0
1320	Faction1320	0
1321	Faction1321	0
1322	Faction1322	0
1323	Faction1323	0
1324	Faction1324	0
1325	Faction1325	0
1326	Faction1326	0
1327	Faction1327	0
1328	Faction1328	0
1329	Faction1329	0
1330	Faction1330	0
1331	Faction1331	0
1332	Faction1332	0
1333	Faction1333	0
1334	Faction1334	0
1335	Faction1335	0
1336	Faction1336	0
1337	Faction1337	0
1338	Faction1338	0
1339	Faction1339	0
1340	Faction1340	0
1341	Faction1341	0
1342	Faction1342	0
1343	Faction1343	0
1344	Faction1344	0
1345	Faction1345	0
1346	Faction1346	0
1347	Faction1347	0
1348	Faction1348	0
1349	Faction1349	0
1350	Faction1350	0
1351	Faction1351	0
1352	Faction1352	0
1353	Faction1353	0
1354	Faction1354	0
1355	Faction1355	0
1356	Faction1356	0
1357	Faction1357	0
1358	Faction1358	0
1359	Faction1359	0
1360	Faction1360	0
1361	Faction1361	0
1362	Faction1362	0
1363	Faction1363	0
1364	Faction1364	0
1365	Faction1365	0
1366	Faction1366	0
1367	Faction1367	0
1368	Faction1368	0
1369	Faction1369	0
1370	Faction1370	0
1371	Faction1371	0
1372	Faction1372	0
1373	Faction1373	0
1374	Faction1374	0
1375	Faction1375	0
1376	Faction1376	0
1377	Faction1377	0
1378	Faction1378	0
1379	Faction1379	0
1380	Faction1380	0
1381	Faction1381	0
1382	Faction1382	0
1383	Faction1383	0
1384	Faction1384	0
1385	Faction1385	0
1386	Faction1386	0
1387	Faction1387	0
1388	Faction1388	0
1389	Faction1389	0
1390	Faction1390	0
1391	Faction1391	0
1392	Faction1392	0
1393	Faction1393	0
1394	Faction1394	0
1395	Faction1395	0
1396	Faction1396	0
1397	Faction1397	0
1398	Faction1398	0
1399	Faction1399	0
1400	Faction1400	0
1401	Faction1401	0
1402	Faction1402	0
1403	Faction1403	0
1404	Faction1404	0
1405	Faction1405	0
1406	Faction1406	0
1407	Faction1407	0
1408	Faction1408	0
1409	Faction1409	0
1410	Faction1410	0
1411	Faction1411	0
1412	Faction1412	0
1413	Faction1413	0
1414	Faction1414	0
1415	Faction1415	0
1416	Faction1416	0
1417	Faction1417	0
1418	Faction1418	0
1419	Faction1419	0
1420	Faction1420	0
1421	Faction1421	0
1422	Faction1422	0
1423	Faction1423	0
1424	Faction1424	0
1425	Faction1425	0
1426	Faction1426	0
1427	Faction1427	0
1428	Faction1428	0
1429	Faction1429	0
1430	Faction1430	0
1431	Faction1431	0
1432	Faction1432	0
1433	Faction1433	0
1434	Faction1434	0
1435	Faction1435	0
1436	Faction1436	0
1437	Faction1437	0
1438	Faction1438	0
1439	Faction1439	0
1440	Faction1440	0
1441	Faction1441	0
1442	Faction1442	0
1443	Faction1443	0
1444	Faction1444	0
1445	Faction1445	0
1446	Faction1446	0
1447	Faction1447	0
1448	Faction1448	0
1449	Faction1449	0
1450	Faction1450	0
1451	Faction1451	0
1452	Faction1452	0
1453	Faction1453	0
1454	Faction1454	0
1455	Faction1455	0
1456	Faction1456	0
1457	Faction1457	0
1458	Faction1458	0
1459	Faction1459	0
1460	Faction1460	0
1461	Faction1461	0
1462	Faction1462	0
1463	Faction1463	0
1464	Faction1464	0
1465	Faction1465	0
1466	Faction1466	0
1467	Faction1467	0
1468	Faction1468	0
1469	Faction1469	0
1470	Faction1470	0
1471	Faction1471	0
1472	Faction1472	0
1473	Faction1473	0
1474	Faction1474	0
1475	Faction1475	0
1476	Faction1476	0
1477	Faction1477	0
1478	Faction1478	0
1479	Faction1479	0
1480	Faction1480	0
1481	Faction1481	0
1482	Faction1482	0
1682	Faction1682	0
1683	Faction1683	0
1684	Faction1684	0
1685	Faction1685	0
1686	Faction1686	0
1687	Faction1687	0
1688	Faction1688	0
1689	Faction1689	0
1690	Faction1690	0
1691	Faction1691	0
1692	Faction1692	0
1693	Faction1693	0
1694	Faction1694	0
1695	Faction1695	0
1696	Faction1696	0
1697	Faction1697	0
1698	Faction1698	0
1699	Faction1699	0
1832	Faction1832	0
1833	Faction1833	0
1834	Faction1834	0
1874	Faction1874	0
1875	Faction1875	0
1876	Faction1876	0
1877	Faction1877	0
1878	Faction1878	0
1879	Faction1879	0
1880	Faction1880	0
1881	Faction1881	0
1882	Faction1882	0
1883	Faction1883	0
1884	Faction1884	0
1885	Faction1885	0
1886	Faction1886	0
1887	Faction1887	0
1888	Faction1888	0
1889	Faction1889	0
1890	Faction1890	0
1891	Faction1891	0
1892	Faction1892	0
1893	Faction1893	0
1894	Faction1894	0
1895	Faction1895	0
1896	Faction1896	0
1897	Faction1897	0
1898	Faction1898	0
1899	Faction1899	0
1900	Faction1900	0
1901	Faction1901	0
1902	Faction1902	0
1903	Faction1903	0
1904	Faction1904	0
1905	Faction1905	0
1906	Faction1906	0
1907	Faction1907	0
1908	Faction1908	0
1909	Faction1909	0
1910	Faction1910	0
1911	Faction1911	0
1912	Faction1912	0
1913	Faction1913	0
1914	Faction1914	0
1915	Faction1915	0
1916	Faction1916	0
1917	Faction1917	0
1918	Faction1918	0
1919	Faction1919	0
1920	Faction1920	0
1921	Faction1921	0
1922	Faction1922	0
1923	Faction1923	0
1924	Faction1924	0
1925	Faction1925	0
1926	Faction1926	0
1927	Faction1927	0
1928	Faction1928	0
1929	Faction1929	0
1930	Faction1930	0
1931	Faction1931	0
1932	Faction1932	0
1933	Faction1933	0
1934	Faction1934	0
1935	Faction1935	0
1936	Faction1936	0
1937	Faction1937	0
1938	Faction1938	0
1939	Faction1939	0
1940	Faction1940	0
1941	Faction1941	0
1942	Faction1942	0
1943	Faction1943	0
1944	Faction1944	0
1945	Faction1945	0
1946	Faction1946	0
1947	Faction1947	0
1948	Faction1948	0
1949	Faction1949	0
1950	Faction1950	0
1951	Faction1951	0
1952	Faction1952	0
1953	Faction1953	0
1954	Faction1954	0
1955	Faction1955	0
1956	Faction1956	0
1957	Faction1957	0
1958	Faction1958	0
1959	Faction1959	0
1960	Faction1960	0
1961	Faction1961	0
1962	Faction1962	0
1963	Faction1963	0
1964	Faction1964	0
1965	Faction1965	0
1966	Faction1966	0
1967	Faction1967	0
1968	Faction1968	0
1969	Faction1969	0
1970	Faction1970	0
1971	Faction1971	0
1972	Faction1972	0
1973	Faction1973	0
1974	Faction1974	0
1975	Faction1975	0
1976	Faction1976	0
1977	Faction1977	0
1978	Faction1978	0
1979	Faction1979	0
1980	Faction1980	0
1981	Faction1981	0
1982	Faction1982	0
1983	Faction1983	0
1984	Faction1984	0
1985	Faction1985	0
1986	Faction1986	0
1987	Faction1987	0
1988	Faction1988	0
1989	Faction1989	0
1990	Faction1990	0
1991	Faction1991	0
1992	Faction1992	0
1993	Faction1993	0
1994	Faction1994	0
1995	Faction1995	0
1996	Faction1996	0
1997	Faction1997	0
1998	Faction1998	0
1999	Faction1999	0
2000	Faction2000	0
2001	Faction2001	0
2002	Faction2002	0
2003	Faction2003	0
2004	Faction2004	0
2005	Faction2005	0
2006	Faction2006	0
2007	Faction2007	0
2008	Faction2008	0
2009	Faction2009	0
2010	Faction2010	0
2011	Faction2011	0
2012	Faction2012	0
2013	Faction2013	0
2014	Faction2014	0
2015	Faction2015	0
2016	Faction2016	0
2017	Faction2017	0
2018	Faction2018	0
2019	Faction2019	0
2020	Faction2020	0
2021	Faction2021	0
2022	Faction2022	0
2023	Faction2023	0
2024	Faction2024	0
2025	Faction2025	0
2026	Faction2026	0
2027	Faction2027	0
2028	Faction2028	0
2029	Faction2029	0
2030	Faction2030	0
2031	Faction2031	0
2032	Faction2032	0
2033	Faction2033	0
2034	Faction2034	0
2035	Faction2035	0
2036	Faction2036	0
2037	Faction2037	0
2038	Faction2038	0
2039	Faction2039	0
2040	Faction2040	0
2041	Faction2041	0
2042	Faction2042	0
2043	Faction2043	0
2044	Faction2044	0
2045	Faction2045	0
2046	Faction2046	0
2047	Faction2047	0
392	Faction392	0
408	Faction408	0
480	Faction480	0
481	Faction481	0
697	Faction697	0
698	Faction698	0
699	Faction699	0
722	Faction722	0
723	Faction723	0
724	Faction724	0
725	Faction725	0
726	Faction726	0
727	Faction727	0
728	Faction728	0
729	Faction729	0
730	Faction730	0
731	Faction731	0
732	Faction732	0
733	Faction733	0
734	Faction734	0
735	Faction735	0
736	Faction736	0
737	Faction737	0
738	Faction738	0
739	Faction739	0
740	Faction740	0
741	Faction741	0
742	Faction742	0
743	Faction743	0
744	Faction744	0
745	Faction745	0
746	Faction746	0
747	Faction747	0
748	Faction748	0
749	Faction749	0
750	Faction750	0
751	Faction751	0
752	Faction752	0
753	Faction753	0
754	Faction754	0
755	Faction755	0
756	Faction756	0
757	Faction757	0
758	Faction758	0
759	Faction759	0
760	Faction760	0
761	Faction761	0
762	Faction762	0
763	Faction763	0
764	Faction764	0
765	Faction765	0
766	Faction766	0
767	Faction767	0
768	Faction768	0
769	Faction769	0
770	Faction770	0
771	Faction771	0
772	Faction772	0
773	Faction773	0
774	Faction774	0
775	Faction775	0
776	Faction776	0
777	Faction777	0
778	Faction778	0
779	Faction779	0
780	Faction780	0
781	Faction781	0
782	Faction782	0
783	Faction783	0
784	Faction784	0
785	Faction785	0
786	Faction786	0
787	Faction787	0
788	Faction788	0
789	Faction789	0
790	Faction790	0
791	Faction791	0
792	Faction792	0
793	Faction793	0
794	Faction794	0
795	Faction795	0
796	Faction796	0
797	Faction797	0
798	Faction798	0
799	Faction799	0
800	Faction800	0
801	Faction801	0
802	Faction802	0
803	Faction803	0
804	Faction804	0
805	Faction805	0
806	Faction806	0
807	Faction807	0
808	Faction808	0
809	Faction809	0
810	Faction810	0
811	Faction811	0
812	Faction812	0
813	Faction813	0
814	Faction814	0
815	Faction815	0
816	Faction816	0
817	Faction817	0
818	Faction818	0
819	Faction819	0
820	Faction820	0
821	Faction821	0
822	Faction822	0
823	Faction823	0
824	Faction824	0
825	Faction825	0
826	Faction826	0
827	Faction827	0
828	Faction828	0
829	Faction829	0
830	Faction830	0
831	Faction831	0
832	Faction832	0
833	Faction833	0
834	Faction834	0
835	Faction835	0
836	Faction836	0
837	Faction837	0
838	Faction838	0
839	Faction839	0
840	Faction840	0
841	Faction841	0
842	Faction842	0
843	Faction843	0
844	Faction844	0
845	Faction845	0
846	Faction846	0
847	Faction847	0
848	Faction848	0
849	Faction849	0
850	Faction850	0
851	Faction851	0
852	Faction852	0
853	Faction853	0
854	Faction854	0
855	Faction855	0
856	Faction856	0
857	Faction857	0
858	Faction858	0
859	Faction859	0
860	Faction860	0
861	Faction861	0
862	Faction862	0
863	Faction863	0
864	Faction864	0
865	Faction865	0
866	Faction866	0
867	Faction867	0
868	Faction868	0
869	Faction869	0
870	Faction870	0
871	Faction871	0
872	Faction872	0
873	Faction873	0
874	Faction874	0
875	Faction875	0
876	Faction876	0
877	Faction877	0
878	Faction878	0
879	Faction879	0
880	Faction880	0
881	Faction881	0
882	Faction882	0
883	Faction883	0
884	Faction884	0
885	Faction885	0
886	Faction886	0
887	Faction887	0
888	Faction888	0
889	Faction889	0
890	Faction890	0
891	Faction891	0
892	Faction892	0
893	Faction893	0
894	Faction894	0
895	Faction895	0
896	Faction896	0
897	Faction897	0
898	Faction898	0
899	Faction899	0
900	Faction900	0
901	Faction901	0
902	Faction902	0
903	Faction903	0
904	Faction904	0
905	Faction905	0
906	Faction906	0
907	Faction907	0
908	Faction908	0
909	Faction909	0
910	Faction910	0
911	Faction911	0
912	Faction912	0
913	Faction913	0
914	Faction914	0
915	Faction915	0
916	Faction916	0
917	Faction917	0
918	Faction918	0
919	Faction919	0
920	Faction920	0
921	Faction921	0
922	Faction922	0
923	Faction923	0
924	Faction924	0
925	Faction925	0
926	Faction926	0
927	Faction927	0
928	Faction928	0
929	Faction929	0
930	Faction930	0
931	Faction931	0
932	Faction932	0
933	Faction933	0
934	Faction934	0
935	Faction935	0
936	Faction936	0
937	Faction937	0
938	Faction938	0
939	Faction939	0
940	Faction940	0
941	Faction941	0
942	Faction942	0
943	Faction943	0
944	Faction944	0
945	Faction945	0
946	Faction946	0
947	Faction947	0
948	Faction948	0
949	Faction949	0
950	Faction950	0
951	Faction951	0
952	Faction952	0
953	Faction953	0
954	Faction954	0
955	Faction955	0
956	Faction956	0
957	Faction957	0
958	Faction958	0
959	Faction959	0
960	Faction960	0
961	Faction961	0
962	Faction962	0
963	Faction963	0
964	Faction964	0
965	Faction965	0
966	Faction966	0
967	Faction967	0
968	Faction968	0
969	Faction969	0
970	Faction970	0
971	Faction971	0
972	Faction972	0
973	Faction973	0
974	Faction974	0
975	Faction975	0
976	Faction976	0
977	Faction977	0
978	Faction978	0
979	Faction979	0
980	Faction980	0
981	Faction981	0
982	Faction982	0
983	Faction983	0
984	Faction984	0
985	Faction985	0
986	Faction986	0
987	Faction987	0
988	Faction988	0
989	Faction989	0
990	Faction990	0
991	Faction991	0
992	Faction992	0
993	Faction993	0
994	Faction994	0
995	Faction995	0
996	Faction996	0
997	Faction997	0
998	Faction998	0
999	Faction999	0
388	Fairie	0
75	Fairy (Race)	0
1667	Fallen Follies of Mischief	0
1056	Fallen Guard of Illsalin	0
420	Fallen of Bloody Kithicor	0
1191	Fang Breakers	0
1164	Fangs of Saarisz	0
1779	Farmers of the Lunanyn	0
513	Faun	0
384	Fay Scout	0
246	Faydarks Champions	0
485	Faydrake	0
162	Fayguard	0
1523	Feast of the Burrowers	0
156	Fel Guard	0
1850	Fellowship of the Peacock	0
615	Fennin Ro	0
1116	Fieldstrider Centaur	0
1585	Fiends of the Grove	0
72	Fire Beetle	0
543	Fire Elemental (Race)	0
624	Fire Mephit	0
1022	Firiona Vie	0
74	Fish	0
1634	Fish Lords	0
205	Fizzlethorp	0
5005	Fizzlethorpe	0
1856	Flamescale Legion	0
1843	Flaming Jacks	0
1065	Fledgling Scrykin	0
1753	Flowkeepers	0
499	Flying Monkey	0
1729	Followers of Korucust	0
1012	Followers of Loschryre	0
1011	Followers of Mekvidarsh	0
1094	Forces of Dyn'leth	0
190	Forest Giant	0
1734	Forgotten Guktan Spirits	0
1818	Forsaken Believers	0
1115	Foulblood Fieldstrider Centaur	0
1055	Free Traders of Malgrinnor	0
1672	Friends of Zordak Ragefire	0
76	Froglok	0
77	Froglok Ghoul	0
152	Froglok Tadpole	0
251	Frogloks of Guk	0
1593	Frogloks of Krup	0
252	Frogloks of Kunark	0
1665	Frogloks of Sebilis	0
1666	Frogloks of Ykesha	0
519	Frost Giant	0
1122	Frostbite Clan	0
1037	Frostflake Goblins	0
1736	Frostfoot Goblins	0
549	Fungal Fiend	0
78	Fungus Man	-350
1080	Furies of Shir	0
1077	Furies of the North	0
1144	Galigaba	0
559	Galorian	0
79	Gargoyle	0
254	Gate Callers	0
81	Gelatinous Cube	0
456	Gelistial	0
255	Gem Choppers	0
1751	Geomantic Compact	0
458	Geonid Collective	-100
82	Ghost	0
527	Ghost Dragon	0
167	Ghost Dwarf	0
164	Ghost Ship	0
83	Ghoul	0
84	Giant Bat	0
606	Giant Clockwork	0
86	Giant Rat	0
87	Giant Snake	0
88	Giant Spider	0
5056	Gimlik Cogboggle	0
1489	Gladiators and Slaves of Sanctus Seru	0
1647	Gladiators of Drunder	0
1771	Gladiators of Mata Muram	0
260	Gnarled Fist	0
89	Gnoll	0
62	Gnome	0
669	Gnome Pirate	0
90	Goblin	-550
257	Goblins of Cleaving Tooth	0
258	Goblins of Fire Peak	0
259	Goblins of Mountain Death	0
389	Golem	0
195	Goo	0
1500	Gor Taku	0
1812	Goral of Shard's Landing	0
171	Gorgon	0
91	Gorilla	0
1629	Gralloks	0
1611	Greater Brann Giants	0
631	Greater Fiend	0
1610	Greater Jord Giants	0
1138	Greater Shades of Zek	0
1613	Greater Vann Giants	0
1612	Greater Vind Giants	0
261	Green Blood Knights	0
1040	Greenfoot Goblins	0
1041	Grel	0
1815	Grendlaen of Shard's Landing	0
1555	Grieg	0
97	Griffon	0
533	Grimling	0
1723	Grimling Bandits	0
1558	Grimling Captives	0
1496	Grimling Defenders	0
1493	Grimling Invaders	0
1516	Grimlings of the Forest	0
1490	Grimlings of the Moor	0
142	Grobb Citizen	0
377	Grobb Guard	0
376	Grobb Merchants	0
564	Ground Shaker	0
582	Guard of Justice Race	0
1177	Guardian 	0
1198	Guardian Defense Forces	0
1625	Guardians of Justice	0
1857	Guardians of Konikor	0
1513	Guardians of Shar Vahl	0
1126	Guardians of the Dark Tower	0
1119	Guardians of the Grove	0
1600	Guardians of the Hatchling	0
1662	Guardians of the Living Earth	0
466	Guardians of the Shrine	0
263	Guardians of the Vale	0
467	Guardians of Veeshan	0
710	Guardians of War	0
1003	Guards of Gloomingdeep	0
262	Guards of Qeynos	0
410	Guide1	0
411	Guide2	0
413	Guide3	0
24	GUILDMASTERBARD	0
18	GUILDMASTERCLERIC	0
22	GUILDMASTERDRUID	0
30	GUILDMASTERENCHANTER	0
29	GUILDMASTERMAGICIAN	0
23	GUILDMASTERMONK	0
27	GUILDMASTERNECRO	0
19	GUILDMASTERPALADIN	0
20	GUILDMASTERRANGER	0
25	GUILDMASTERROGUE	0
26	GUILDMASTERSHAMAN	0
21	GUILDMASTERSK	0
17	GUILDMASTERWARRIOR	0
28	GUILDMASTERWIZARD	0
661	Guktan	0
1718	Guktan Elders	0
1758	Guktan Scouts	0
1720	Guktan Suppliers	0
516	Hag	0
140	Halas Citizen	0
57	Half Elf	0
61	Halfling	0
5006	Hall of the Ebon Mask	0
1541	Hand Legionnaries	0
1484	Hand of Seru	0
1822	Harbingers of Thule	0
161	Harpie	0
1835	Harrowing Horde	0
1509	Haven Defenders	0
1605	Haven Smuggler Associates	0
1542	Haven Smugglers	0
1486	Heart of Seru	0
1226	Herald Argoth	0
1227	Herald of Druzzil Ro	0
1821	Heralds of the Unspoken	0
265	Heretics	0
1767	Hexxt	0
266	High Council of Erudin	0
1716	High Council of Gukta	0
55	High Elf	0
267	High Guard of Erudin	0
117	High Hold Citizen	0
332	Highpass Guards	0
1676	Hills Revenant	0
517	Hippogriff	0
5036	HoHMaiden	0
457	Holgresh	0
247	Horde of Xalgoz	0
547	Horse	0
1510	House of Fordel	0
1511	House of Midst	0
1512	House of Stout	0
51	Human	0
105	Human Beggar	0
94	Human Guard (Race)	0
672	Human Pirate	0
1817	Hunters of Shard's Landing	0
1801	Iceshard Manor	0
1596	Idelia the Serene	0
178	Iksar	0
189	Iksar Citizen	0
491	Iksar Golem	0
497	Iksar Hand	0
199	Iksar Scorpion	0
492	Iksar Skeleton	0
1537	Iksar Temple Slaves	0
96	Imp	0
1575	Imps	0
5032	Indifferent	0
270	Indigo Brotherhood	0
1135	Infiltrators and Traitors of Ashengate	0
1661	Inhabitants of Air	0
1654	Inhabitants of Disease	-2000
248	Inhabitants of Firiona Vie	0
425	Inhabitants of Hate	0
715	Inhabitants of Rulnavis	0
424	Inhabitants of Sky	-2000
716	Inhabitants of Tamrel	0
1636	Inhabitants of Tanaan	0
1726	Inhabitants of Time	-2000
1650	Inhabitants of Tranquility	0
1655	Inhabitants of Valor	0
206	Innoruuk	0
173	Innoruuk (Race)	0
1735	Innoruuk's Curse of the Cauldron	0
1710	Innothule Monster	0
1086	Insurgents of Ro	0
5050	Invaders of the Moor	0
177	Invisible Man	0
721	Iron Legion	0
360	Iskar	0
1626	Jacosh Steldenn	0
272	Jaggedpine Treefolk	0
433	Jaled Dar	0
1531	Jharin	0
1524	Johanius Barleou	0
604	Junk Beast	0
536	Kahli Shah	0
696	Kaladim Citizen (Race)	0
144	Kaladim Citizens	0
5025	Kaladim Merchants	0
1560	Kanaad	0
273	Kane Bayle	0
1808	Kangon of Shard's Landing	0
207	Karana	0
366	Karana Bandits	0
609	Karana Race	0
345	Karana Residents	0
1855	Kar`Zok	0
1502	Katta Castellum Citizens	0
1165	Katta Elementals	0
1567	Katta Traitors	0
274	Kazon Stormhammer	0
153	Kedge	0
717	Keepers of Narikor	0
275	Keepers of the Art	0
5007	Keepers of the Claw	0
473	Kejek Village	0
5008	Kejekan	250
276	Kelethin Merchants	0
382	Kerra Isle	0
277	Kerra of Barren Coast	0
73	Kerran (Race)	0
1030	Kessdona	0
1529	Khala Dun	0
1532	Khati Sha	0
333	King Ak`Anon	0
5019	King Aythox Thex	0
278	King Naythox Thex	0
1846	King Naythox Thex Loyalists	0
1145	King Peleke	0
279	King Tearis Thex	0
1149	King Tondra	0
429	King Tormax	0
1147	King Vigdos	0
475	King Xorbb	0
1576	Kingdom of Above and Below	0
1180	Kirathas	0
1206	Kithicor Irregulars	0
269	Kithicor Residents	0
597	Knight of Pestilence	0
280	Knights of Thunder	0
281	Knights of Truth	0
98	Kobold	0
282	Kobolds of Fire Pit	0
1001	Kobolds of Gloomingdeep	-1000
1660	Koka'Vor Tribe	0
5013	KOS	-1000
1631	KOS All PC And Beta Neutral	0
5034	KOS Plane of Innovation	-2000
5033	KOS Plane of Nightmare	-2000
5045	KOS Plane of Storms	-2000
1606	KOS to Beta Neutral	0
5014	KOS_animal	0
5057	KoS_Gimlik	-1000
412	Krag	0
646	Kraken	0
419	Kromrif	0
448	Kromzek	0
5009	Kunark Fire Giants	-700
198	Kunark Fish	0
187	Kunark Goblin	0
109	Kunark Goblin (Race)	0
1674	Kyle Bayle	0
1675	Kyle Bayle's Royal Guard	0
1185	Ladies of the Light	0
1559	Lake Recondite Bandits	0
1020	Lanys T`Vyl	0
123	Launch	0
99	Lava Dragon	0
1756	LDoN Hostages	0
1731	LDoNEvil	0
1730	LDoNGood	0
284	League of Antonican Bards	0
154	Leech	0
441	Legion of Cabilis	0
1763	Legion of Mata Muram	0
1082	Legion of Rage	0
1124	Legion of Stonehive	0
1853	Legion of the Overking	0
1068	Legions of Sverag	0
598	Lepertoloth	0
1615	Lesser Brann Giants	-700
1614	Lesser Jord Giants	-700
1617	Lesser Vann Giants	-700
1616	Lesser Vind Giants	-700
1132	Lethar	0
1668	Lhranc the Disgraced	0
554	Lightcrawler	0
100	Lion	0
459	Lithiniath	0
1776	Living Steel	0
1795	Living Will of Alra	0
101	Lizard Man	0
1519	Lodikai	0
1872	Lords of Aalishai	0
1871	Lords of Esianti	0
1717	Lorekeepers of Gukta	0
1659	Lost Kingdom of Lok	0
1737	Lost Minions of Miragul	0
1114	Lost of the Windwillow	0
1186	Loyalists of Kerafyrm	0
1743	Loyals	0
1556	Luclin	0
1581	Luclin Friendly Monsters	0
1534	Luclin Monsters	0
676	Luggald	0
677	Luggald Armored	0
678	Luggald Robed	0
572	Lujein	0
183	Lycanthrope	0
1128	Madcaps - Mushroom Men	0
5040	Madmen	-1000
13	Magician	0
1504	Magus Conlegium	0
1859	Majestic Centurion Alliance	0
596	Malarian	0
157	Mammoth	0
493	Man-Eating Plant	0
503	Manticore	0
285	Mayong Mistmoore	0
286	Mayor Gubbin	0
287	Meldrath	0
720	Memorial Gnomelike	0
602	Mephit	0
700	Mercenary Coalition	0
32	Merchant	0
288	Merchants of Ak`Anon	0
289	Merchants of Erudin	0
325	Merchants of Felwithe	0
328	Merchants of Halas	0
331	Merchants of Highpass	0
290	Merchants of Kaladim	0
338	Merchants of Oggok	0
291	Merchants of Qeynos	0
292	Merchants of Rivervale	0
160	Mermaid	0
5018	Mermaids	0
102	Mimic	0
293	Miners Guild 249	0
322	Miners Guild 628	0
1633	Minions of Coirnav	0
1669	Minions of Enmity	0
1649	Minions of Fennin Ro	0
1670	Minions of Hope	0
1194	Minions of Meldrath	0
1760	Minions of Mischief	0
1785	Minions of Prexus	0
719	Minions of Rot	0
455	Minions of Scale	0
1168	Minions of Solusek Ro	0
1781	Minions of the Sun	0
1574	Minions of the Sunlord	0
1025	Minions of Tirranun	0
428	Minions of Underfoot	0
1780	Minions of War	0
1109	Minohten	0
103	Minotaur	0
294	Miragul	0
583	Mischief Castle	0
208	Mithaniel Marr	0
627	Mithaniel Marr (Race)	0
1225	Mitius, Herald of Change	0
7	Monk	0
395	Morawk	0
1240	Morell-Thule	0
184	Mosquito	0
5022	Mountain Death Clan	-700
612	Mouths of Insanity	0
373	Mucktail Gnolls	0
5017	Murrissa Sandwhisper	0
576	Mutant Fly	0
566	Mutant Humanoid	0
5037	Nadox Clan	-1000
1703	Nadox Initiate	0
249	Nagafen	0
372	Najena	0
1505	Nathyn Illuminious	0
1136	Nature Animal	0
1154	Nature Animal - Basilisk	0
1158	Nature Animal - Bear	0
1159	Nature Animal - Beetle	-500
1153	Nature Animal - Crocodile	0
1160	Nature Animal - Fish	0
1155	Nature Animal - Shark	0
1152	Nature Animal - Snake	0
1156	Nature Animal - Spider	0
1157	Nature Animal - Wolf	0
1841	Nature Soul - Earth	0
1839	Nature Soul - Fire	0
1840	Nature Soul - Water	0
1842	Nature Soul - Wood	0
11	Necromancer	0
617	Necromancer Priest	0
5031	Needlite	-500
127	Neriak Citizen	0
1848	Neriak Fourth Gate Residents	0
371	Neriak Ghoul	0
352	Neriak Inner	0
5043	Neriak Merchants	0
353	Neriak Ogre	0
351	Neriak Outer	0
354	Neriak Troll	0
1034	Nest Guardians	0
560	Netherbian	0
1553	Netherbian Ambush	0
1554	Netherbian Caravan	0
1539	Netherbians	0
1566	Netok Tribe	0
1595	New Alliance of Stone	0
391	New Combine	0
390	New Combine Guards	0
1139	Newbie Guard	0
1724	Newbie Monster	0
611	Nightmare Gargoyle	0
608	Nightmare Goblin	0
625	Nightmare Mephit	0
595	Nightmare Wraith	0
618	Nightmare, Planar	0
1121	Nightmoon Kobolds	0
1761	Nihil	0
5038	Nitram	0
0	NoFaction	0
5023	Noobie Monsters KOS to Guards	0
1023	Norrath's Keepers	0
1580	Nurga Goblins	0
1111	Nymphs of the Darkwater	0
1110	Nymphs of the Windwillow	0
1805	Oashim of Shard's Landing	0
1221	Oceangreen Residents	0
143	Oggok Citizen	-1500
337	Oggok Guards	0
374	Oggok Resident	0
5026	Ogguk Residents	0
60	Ogre	0
671	Ogre Pirate	0
5010	Ogre Warriors	0
1526	Old Disciples of Kerafyrm	0
5042	OmensBatRat	0
296	Opal Darkbriar	0
402	Oracle of K`Arnon	0
403	Oracle of Marud	0
104	Orc	-500
1774	Orcakar Players	0
1570	Order of Autarkic Umbrage	0
1787	Order of Radiance	0
342	Order of Three	0
1741	Orphans	0
432	Othmir	-50
521	Otter Man	0
1582	Outcasts and Mutants	0
1013	Overlord Mata Muram	0
537	Owlbear	0
1497	Owlbear Defenders	0
1494	Owlbear Invaders	0
1492	Owlbears of the Moor	-1000
1518	Pack of the Great Moon	0
283	Pack of Tomar	0
463	Paebala	0
3	Paladin	0
1713	Paladins of Gukta	0
297	Paladins of Underfoot	0
5046	Paludal_Mushrooms	-1000
5047	Paludal_Underbulk	-500
1790	Paragons of Purity	0
1792	Paragons of Shadows	0
1794	Paragons of the Arcane	0
1796	Paragons of Will	0
298	Peace Keepers	0
175	Pegasus	0
470	Peoples Republic of Thurgadin	0
1806	Pests of Shard's Landing	0
5027	Phingel Autropos	-1000
299	Phinigel Autropos	0
634	Phoenix	0
365	Pickclaw Goblins	-1000
124	Piranha	0
666	Pirate Boss	0
667	Pirate Dark Shaman	0
668	Pirate Officer	0
313	Pirates of Gunthak	0
447	Pirates of Iceclad	0
1601	Pirates of the Pine	0
692	Pixie (Race)	-50
106	Pixies of Faydwer	0
1766	Pixtt	0
1607	Plague Bringer	0
1201	Plaguebringer Parishioners	0
1738	Planar Collective	0
5044	Planes_Neutral	0
1150	Platinum Efreeti	0
674	Poison Arrow Frog	0
647	Poison Frog	0
591	POP Bat	0
571	Portal Man (Race)	0
573	Potamide	0
209	Prexus	0
340	Priests of Innoruuk	0
341	Priests of Life	0
362	Priests of Marr	0
300	Priests of Mischief	0
301	Priests of Nagafen	0
1220	Primal Crystallines	0
1522	Primordial Malice	0
529	Prismatic Dragon	0
1627	Prisoners of Justice	0
1207	Prisoners of the Dark Elves	0
1744	Progeny	0
469	Protectors of Growth	0
1709	Protectors of Gukta	0
302	Protectors of Pine	0
126	Puma	0
1814	Pumas of Shard's Landing	0
1789	Purity of Alra	0
601	Pusling	0
693	Qeynos Citizen (Race)	0
121	Qeynos Citizens	0
1005	Qeynos Elite Watch	0
1849	Qeynos Guards of West Karana	0
635	Quarm (Race)	0
303	Queen Cristanos Thex	0
1847	Queen Cristanos Thex Loyalists	0
210	Quellious	0
648	Queztocoatal	0
192	Race Faction (192)	0
193	Race Faction (193)	0
510	Race Faction (510)	0
511	Race Faction (511)	0
528	Race Faction (528)	0
535	Race Faction (535)	0
632	Race Faction (632)	0
80	Race Faction (80)	0
1073	Ragefang	0
1053	Ragepaw	0
211	Rallos Zek	0
116	Rallos Zek (Race)	0
656	Rallos Zek Minion	0
619	Rallos Zek Race Faction	0
1638	Rallos Zek, The Warlord	0
1213	Rallosian Guards	0
1216	Rallosian Invaders	0
4	Ranger	0
494	Raptor	0
1215	Rathe Council	0
1218	Rathe Council Defenders	0
1217	Rathe Living Heaps	0
487	Ratman	0
1657	Rats of Justice	0
1768	Rav	0
1069	Ravenous Undead	0
130	Reanimated Hand	0
568	Recuso	0
1071	Redfist Legionnaires	0
414	Residents of Fear	0
5039	Residents of Gloomingdeep	0
1707	Residents of Gunthak	-1000
1597	Residents of Jaggedpine	0
5011	Residents of Karanas	0
1199	Residents of the Glade	0
1702	Resistance Miners	0
185	Rhino	0
538	Rhino Beetle	0
1007	Riftseekers	0
1031	Rikkukin	0
304	Ring of Scale	0
398	Riptide Goblins	0
131	Rivervale Guard	0
509	Rock Gem Man	0
531	Rockhopper	0
212	Rodcet Nife	0
9	Rogue	0
305	Rogues of the White Rose	0
5012	Root of Innuruuk	0
1752	Royal Attendants	0
1745	Rujarkian Slavers	0
348	Runnyeye A	0
349	Runnyeye B	0
350	Runnyeye C	0
407	Ry`Gorr Clan Snow Orcs	0
169	Saber-toothed Cat	0
306	Sabertooths of Blackburrow	0
1755	Sandworkers	0
181	Sarnak	0
307	Sarnak Collective	0
495	Sarnak Golem	0
486	Sarnak Skeleton	0
614	Saryrn Race	0
1586	Savage Spirit	0
445	Scaled Mystics	0
132	Scarecrow	0
552	Scarlet Cheetah	0
1807	Scavengers of Shard's Landing	0
1134	Scholars of Solusek	0
1058	Scions of Dreadspire	-2000
1036	Scorchclaw Goblins	0
1861	Scorpiki	0
179	Scorpion	0
1589	Scourge	0
5054	Scout_Guke	350
399	Sea Furies	0
166	Sea Horse	0
525	Sea Turtle	0
1229	Sebilisian Empire	0
1786	Seekers of Splendor	0
1130	Selay	0
1811	Selyrah of Shard's Landing	0
1017	Senior Guides of Norrath	0
1483	Seru	0
567	Seru Race	0
1864	Servants of Aalishai	0
1543	Servants of Aero	0
1863	Servants of Esianti	0
1546	Servants of Hydro	0
1545	Servants of Inferno	0
1866	Servants of Loruella	0
1865	Servants of Mearatas	0
1624	Servants of Saryrn	0
1544	Servants of Terra	0
1090	Servants of the Compact	0
1757	Servants of the First Witness	-1100
1797	Servants of the Song	0
438	Servants of Tunare	0
555	Shade	0
1791	Shades of Alra	0
1100	Shades of Zek	0
416	Shadowed Men	0
5	ShadowKnight	0
308	Shadowknights of Night Keep	0
1052	Shadowmane	0
1501	Shak Dratha	0
10	Shaman	0
1715	Shaman of Gukta	0
327	Shamen of Justice	0
394	Shamen of War	0
347	Shark	0
111	Shark (Race)	0
1141	Sharpeye's Reef Runners	0
1571	Shei Vinitras	0
689	Shik Nar (Race)	0
530	Shik Nar of Fungus Grove	0
690	Shik Nar of Mons Letalis	0
1054	Shiliskin Empire	-2000
122	Ship	0
688	Shissar (Race)	0
548	Shissar of Chelsith	0
1487	Shoulders of Seru	0
364	Shralok Orcs	0
558	Shrieker	0
309	Silent Fist Clan	0
1223	Silla Herald	0
518	Siren	0
1166	Sirens of Maiden's Grave	0
1246	Sirens of the Endless Cavern	0
434	Sirens of the Grotto	0
613	Skeletal Horse	0
110	Skeleton	0
133	Skunk	0
5028	Sky Talons	0
397	Sky Talons (good)	50
592	Slarghilug	0
1000	Slaves of Gloomingdeep	0
134	Snake Elemental	0
1813	Snakes of Shard's Landing	0
507	Snow Bunny	0
501	Snow Dervish	0
439	Snowfang Gnolls	-25
585	Sol Ro Guard	0
713	Soldiers of Tallon	0
310	Soldiers of Tunare	0
714	Soldiers of Vallon	0
323	Solusek Mining Co.	0
213	Solusek Ro	0
108	Solusek Ro (Race)	0
578	Solusek Ro New	0
401	Song Weavers	0
563	Sonic Wolf	0
1498	Sonic Wolf Defenders	0
1495	Sonic Wolf Invaders	0
1491	Sonic Wolves of the Moor	0
581	Spectral Banshee	0
197	Spectral Iksar	0
196	Spectral Sarnak	0
135	Spectre	0
665	Spectre Pirate Boss	0
136	Sphinx	0
1151	Sphinx of Atiiki	0
562	Spire Spirit	0
1527	Spire Spirits	0
1748	Spiritbound	0
1064	Spirits of Arcstone	0
1538	Spirits of Katta Castellum	0
1608	Spirits of Lxanvom	0
1125	Spirits of Nokk	0
170	SpiritWolf	0
427	Spirocs of Timorous	0
321	Split Paw Clan	0
474	Sporali	0
1048	Sporali Collective	0
1652	Stampeding War Boar	0
311	Steel Warriors	0
1747	Steelcrown	0
1749	Steelslaves	0
1032	Stillmoon Acolytes	0
378	Stone Hive Bixies	0
551	Stonegrabber	0
1117	Stonemight Goblins	0
643	Storm Celestial	0
642	Storm Fire	0
520	Storm Giant	0
312	Storm Guard	0
1618	Storm Guardians	0
639	Storm Kuraaln	0
641	Storm Mana	0
355	Storm Reapers	0
638	Storm Satuur	0
637	Storm Taarid	0
640	Storm Volaas	0
1078	Stormbreaker Furies	0
603	Stormrider	0
1143	Stormscape Aviaks	0
557	Sun Revenant	0
556	Sunflower	0
1146	Sunstone Goblins	0
343	Surefall Protected Animals	0
1742	Sustainers	0
5016	Swamp Giants of Kunark	0
444	Swift Tails	0
155	Sword Fish	0
1739	Synarcana	0
1725	Syrik Iceblood	0
314	Syth of Permafrost	0
1639	Tallon Zek	0
621	Tallon Zek Race Faction	0
1231	Tanglefuse's Clockworks	0
577	Tarew Marr	0
1565	Tarmok Tribe	0
1530	Taruun	0
546	Tegi	0
5029	Temple Of Sol Ro	0
415	Temple of Solusek Ro	0
118	Tentacle	0
588	Terris-Thule	0
1824	Terrorwing	0
1514	Testfaction	0
1205	Thaulen Teir'Duuren	0
1819	The Believers	0
1127	The Blightfire Tainted	0
1573	The Bloodtribe	0
1181	The Borrowers	0
1746	The Broken	0
1860	The Clawdigger Clan	0
1820	The Conscripted	0
1550	The Cral Ligi Clan	0
1167	The Cursed of Monkey Rock	0
1174	The Cursed of Monkey Rock (Instance)	0
1642	The Damned of Narikor	0
1046	The Dark Alliance	0
1047	The Dark Suppliers	0
239	The Dead	0
1646	The Decorus	0
1643	The Diaku	0
718	The Disgraced	0
1827	The Displaced	0
1829	The Ember	0
1192	The Fallen	0
446	The Forsaken	0
330	The Freeport Militia	0
1644	The Gindan	0
1800	The Godblooded	0
1549	The Grol Baku Clan	0
1045	The Guardian's Alliance	0
1044	The Guardians	0
1645	The Hendin	0
452	The Hotwingz	0
1072	The Irebound	0
295	The Kromdek	0
250	The Kromdul	0
1679	The Kromtus	0
1773	The Moon	0
1663	The Protectorate of the Twelve	0
1619	The Rainkeeper	0
629	The Rathe	0
1488	The Recuso	0
1563	The Sambata Tribe	0
468	The Sleeper	0
1828	The Sol'Dal	0
363	The Spurned	0
1772	The Sun	0
1681	The Thaell Ew	0
1551	The Tro Jeg Clan	0
1577	The Truth	0
1826	The Unearthers	0
1548	The Vas Ren Clan	0
1074	The Venom Swarm	0
1081	The Wall-Borne	0
1083	The Wretched	0
709	The Yendan	0
5048	The_Angry_Sambata	-30000
545	Thought Horror	0
1528	Thought Leeches	0
335	Thoughtbleeders of Fear	0
450	Thrall of Kly	0
1029	Thunder Guardians	0
383	Thunder Hooves	0
1148	Tidewater Goblins	0
113	Tiger	0
369	Timmerain Darkbrow	0
594	Tin Soldier	0
1024	Tirranun	0
465	Tizmak Clan	0
1700	Torgiran	0
616	Tormentor	0
1214	Toskirakk Merchants	0
1212	Toskirakk Slavers	0
1211	Toskirakk Slaves	0
504	Totem Man	0
1508	Traders of the Haven	0
315	Trakanon	0
69	Trakanon (Race)	0
593	Tranquilion	0
114	Treant	0
1620	Treants of Jaggedpine	0
1089	Tribe of the Nogdha	0
1732	Tribe Vrodak	0
214	Tribunal	0
482	Tribunal (Race)	0
587	Tribunal Race	0
1540	Troglodytes	0
59	Troll	0
662	Troll Buccaneer	0
663	Troll Freebooter	0
1721	Troll Raiders	0
664	Troll Sea Rover	0
675	Troll Zombie	0
1006	Troupe of Free Speakers	0
1084	Trueblood Coven	0
404	Truespirit	0
1637	Truespirit Companion	0
1762	Trusik Tribe	0
409	Tserrina Syl`Tor	0
1107	Tuffein	0
1108	Tuffein Leadership	0
215	Tunare	0
112	Tunare (Race)	0
381	Tunare's Martyrs 2	0
316	Tunare's Scouts	0
449	Tunarean Court	0
1764	Tunat`Muram	0
1224	Tynoc, Herald of Scale	0
431	Ulthork	0
655	Undead Footman	0
317	Undead Frogloks of Guk	0
628	Undead Knight	0
1706	Undead of Gunthak	0
5020	Undead Residents of Kithicor	-1000
532	Underbulk	-500
1233	Underfoot Autarchs	0
1232	Underfoot Citizens	0
1234	Underfoot Denizens	0
1236	Underfoot Devout	0
1235	Underfoot Protectors	0
1238	Underfoot Subversionists	0
174	Unicorn Nightmare	0
324	Unkempt Druids	0
386	Unrest Inhabitants	-501
1837	Ursarachnids	0
534	Vacuum Worm	0
180	Vah Shir	0
1552	Vah Shir Crusaders	0
570	Vah Shir Guard (Race)	0
569	Vah Shir King (Race)	0
565	Vah Shir Skeleton	0
1507	Valdanov Zevfeer	0
1103	Valdeholm Citizens	0
1503	Validus Custodus	0
1640	Vallon Zek	0
620	Vallon Zek Race Faction	0
649	Valorian (War Soldier)	0
115	Vampire	0
550	Vampire Volatalis	0
539	Vampyre	0
1823	Va`Ker	0
216	Veeshan	0
589	Vegerog	0
515	Velious Dragon	0
435	Velketor	0
318	Venril Sathir	0
70	Venril Sathir (Race)	0
1133	Vergalid	0
423	Verish Mal	0
1651	Victim of Torment	0
5041	VillagerRoom	0
1033	Vishimtar	0
1026	Volkara	0
1027	Volkara's Brood	0
1547	Vornol Transon	0
319	Vox	0
508	Walrus	0
522	Walrus Man	0
650	War Boar	0
1653	War Boar Piglet	0
652	War Boar Unarmored	0
644	War Wraith	0
472	Warders of The Claw	0
1701	Warlord Ngrub	0
1	Warrior	0
1712	Warriors of Gukta	0
1831	Warriors of Rodcet	0
159	Wasp	0
496	Water Dragon	0
542	Water Elemental (Race)	0
1759	Wayfarers Brotherhood	0
5035	WehateThelin	0
64	Werewolf	-1000
1836	Western Plains Bandits	0
544	Wetfang Minnow	0
1520	Whisperling	0
264	Whistling Fist Brotherhood	0
1038	Whitecap Goblins	0
1070	Wildfang	0
119	Will-O-Wisp	0
1197	Wind Nymphs	0
1733	Witnesses of Hate	0
12	Wizard	0
1714	Wizards of Gukta	0
92	Wolf	0
1816	Wolves of Shard's Landing	0
320	Wolves of the North	0
54	Wood Elf	0
380	Wood Elf Bards	0
1178	Workshop Workers Union	0
1104	Wraithguard	0
1105	Wraithguard Leadership	0
645	Wrulon	0
489	Wurm	0
488	Wyvern	0
1810	Wyverns of Shard's Landing	0
186	Xalgoz Race	0
630	Xegony	0
1678	Xulous of the Dead Hills	0
512	Yakman	0
1028	Yar`lir	0
436	Yelinak	0
188	Yeti	0
1770	Yunjo Slave Resistance	0
418	Zazamoukh	0
626	Zebuxoruk	0
659	Zebuxoruk's Cage (Race)	0
553	Zelniak	0
464	Zlandicar	-500
120	Zombie	0
1587	Zordak Ragefire	0
1765	Zun`Muram	0
